[  {    "type": "post",    "url": "/login",    "title": "user login to the saleinfo app.",    "name": "LoginToApp",    "group": "Authentication",    "parameter": {      "fields": {        "Login @FormParam": [          {            "group": "Login @FormParam",            "type": "String",            "optional": false,            "field": "email",            "description": "<p>emailaddress for entering the salesinfo app.</p>"          },          {            "group": "Login @FormParam",            "type": "String",            "optional": false,            "field": "password",            "description": "<p>password for entering the salesinfo app.</p>"          }        ]      }    },    "success": {      "examples": [        {          "title": "Success-Response:",          "content": "HTTP/1.1 200 OK",          "type": "json"        }      ]    },    "error": {      "fields": {        "Error 4xx": [          {            "group": "Error 4xx",            "type": "Object",            "optional": false,            "field": "errorResponse",            "description": "<p>return error Response object</p>"          },          {            "group": "Error 4xx",            "type": "String",            "optional": false,            "field": "errorResponse.error_message",            "description": "<p>error message</p>"          }        ]      },      "examples": [        {          "title": "Error-Response:",          "content": "HTTP/1.1 401 Unauthorized\n{\n \"error_message\":\"Unanthorized User!\"\n}",          "type": "json"        }      ]    },    "version": "0.0.0",    "filename": "shareswebservice/src/main/java/web/shares/resources/LoginResource.java",    "groupTitle": "Authentication"  },  {    "type": "post",    "url": "/signup",    "title": "user register the saleinfo app.",    "name": "SignupToApp",    "group": "Authentication",    "parameter": {      "fields": {        "Signup @FormParam": [          {            "group": "Signup @FormParam",            "type": "String",            "optional": false,            "field": "username",            "description": "<p>username needed to register the salesinfo app.</p>"          },          {            "group": "Signup @FormParam",            "type": "String",            "optional": false,            "field": "email",            "description": "<p>email needed to register the salesinfo app.</p>"          },          {            "group": "Signup @FormParam",            "type": "String",            "optional": false,            "field": "password",            "description": "<p>password needed to register the salesinfo app.</p>"          }        ]      }    },    "success": {      "examples": [        {          "title": "Success-Response: ",          "content": "HTTP/1.1 201 Created",          "type": "json"        }      ]    },    "error": {      "fields": {        "Error 4xx": [          {            "group": "Error 4xx",            "type": "Object",            "optional": false,            "field": "errorResponse",            "description": "<p>return error Response object</p>"          },          {            "group": "Error 4xx",            "type": "String",            "optional": false,            "field": "errorResponse.error_message",            "description": "<p>error message</p>"          }        ]      },      "examples": [        {          "title": "Error-Response:",          "content": "HTTP/1.1 400 Bad Request\n {\n     \"error_message\":\"Bad Request,User name already existed\"\n }",          "type": "json"        }      ]    },    "version": "0.0.0",    "filename": "shareswebservice/src/main/java/web/shares/resources/SignupResource.java",    "groupTitle": "Authentication"  },  {    "type": "get",    "url": "/{username}/salesinfo",    "title": "Get all salesinfo from followed friends and himself/herself or filtered by category",    "name": "GetSalesInfo",    "group": "SalesInfo",    "examples": [      {        "title": "Example usage:",        "content": "curl -i http://localhost:8080/username/salesinfo?category=electronics",        "type": "curl"      }    ],    "parameter": {      "fields": {        "Parameter": [          {            "group": "Parameter",            "type": "String",            "optional": false,            "field": "username",            "description": "<p>filter salesinfo by username(following user)</p>"          },          {            "group": "Parameter",            "type": "String",            "optional": false,            "field": "category",            "description": "<p>filter salesinfo by category,if null, return all categories</p>"          }        ]      }    },    "success": {      "fields": {        "Success 200": [          {            "group": "Success 200",            "type": "Object",            "optional": false,            "field": "postinfo",            "description": "<p>sales information.</p>"          },          {            "group": "Success 200",            "type": "Number",            "optional": false,            "field": "postinfo.id",            "description": "<p>salesinfo id.</p>"          },          {            "group": "Success 200",            "type": "String",            "optional": false,            "field": "postinfo.postUser",            "description": "<p>user who posted the saleinfo.</p>"          },          {            "group": "Success 200",            "type": "String",            "optional": false,            "field": "postinfo.taggedUser",            "description": "<p>user who tagged by this saleinfo.</p>"          },          {            "group": "Success 200",            "type": "String",            "optional": false,            "field": "postinfo.created",            "description": "<p>salesinfo created date.</p>"          },          {            "group": "Success 200",            "type": "String",            "optional": false,            "field": "postinfo.category",            "description": "<p>salesinfo's category.</p>"          },          {            "group": "Success 200",            "type": "String",            "optional": false,            "field": "postinfo.price_before",            "description": "<p>sales item's before price</p>"          },          {            "group": "Success 200",            "type": "String",            "optional": false,            "field": "postinfo.sale_discount",            "description": "<p>sale discount.</p>"          },          {            "group": "Success 200",            "type": "String",            "optional": false,            "field": "postinfo.shop",            "description": "<p>sales shop.</p>"          },          {            "group": "Success 200",            "type": "String",            "optional": false,            "field": "postinfo.description",            "description": "<p>more details about saleinfo.</p>"          },          {            "group": "Success 200",            "type": "String",            "optional": false,            "field": "postinfo.imageName",            "description": "<p>salesinfo photo name.</p>"          }        ]      },      "examples": [        {          "title": "Success-Response:",          "content": "HTTP/1.1 200 OK\n{\n    \"category\": \"electronics\",\n      \"created\": \"2016-02-16\",\n      \"description\": \"best chance for whom wants to buy a new PS4\",\n       \"id\": 2,\n       \"imageName\": \"course.jpeg\",\n       \"postUser\": \"Alice\",\n       \"price_before\": 4000,\n       \"sale_discount\": \"10%\",\n       \"shop\": \"webhallen\",\n       \"taggedUser\": \"dan\"\n}",          "type": "json"        }      ]    },    "error": {      "examples": [        {          "title": "Error-Response:",          "content": "HTTP/1.1 500 Internal Server Error",          "type": "json"        }      ]    },    "version": "0.0.0",    "filename": "shareswebservice/src/main/java/web/shares/resources/PostInfoResource.java",    "groupTitle": "SalesInfo"  },  {    "type": "post",    "url": "/{username}/salesinfo",    "title": "Add new saleinfo to the server.",    "name": "PostSalesInfo",    "group": "SalesInfo",    "parameter": {      "fields": {        "Parameter": [          {            "group": "Parameter",            "type": "Object",            "optional": false,            "field": "newPostInfo",            "description": "<p>new sale info will be sent to the server</p>"          },          {            "group": "Parameter",            "type": "String",            "optional": false,            "field": "newPostInfo.postUser",            "description": "<p>user who posted the saleinfo.</p>"          },          {            "group": "Parameter",            "type": "String",            "optional": false,            "field": "newPostInfo.taggedUser",            "description": "<p>user who tagged by this saleinfo.</p>"          },          {            "group": "Parameter",            "type": "String",            "optional": false,            "field": "newPostInfo.created",            "description": "<p>salesinfo created date.</p>"          },          {            "group": "Parameter",            "type": "String",            "optional": false,            "field": "newPostInfo.category",            "description": "<p>salesinfo's category.</p>"          },          {            "group": "Parameter",            "type": "String",            "optional": false,            "field": "newPostInfo.price_before",            "description": "<p>sales item's before price</p>"          },          {            "group": "Parameter",            "type": "String",            "optional": false,            "field": "newPostInfo.sale_discount",            "description": "<p>sale discount.</p>"          },          {            "group": "Parameter",            "type": "String",            "optional": false,            "field": "newPostInfo.shop",            "description": "<p>sales shop.</p>"          },          {            "group": "Parameter",            "type": "String",            "optional": false,            "field": "newPostInfo.description",            "description": "<p>more details about saleinfo.</p>"          },          {            "group": "Parameter",            "type": "String",            "optional": false,            "field": "newPostInfo.encodeImage",            "description": "<p>base64 encode string of salesinfo photo.</p>"          },          {            "group": "Parameter",            "type": "String",            "optional": false,            "field": "newPostInfo.imageName",            "description": "<p>salesinfo photo's name.</p>"          }        ]      },      "examples": [        {          "title": "Request-Example:",          "content": "{ \n\"category\": \"electronics\",\n \"created\": \"2016-02-16\",\n  \"description\":\"best chance for whom wants to buy a new PS4\",\n \"encodeImage\":\"dfaodiopui0ere0jgvdkanvklfn;afjdasfdaffasgrafgdsfadsgdafgas\",\n \"imageName\": \"ps4.jpeg\",\n  \"postUser\": \"dan\",\n  \"posterfullname\":\"Pan Dan\",\n  \"taggedUser\": \"dan\"\n  \"price_before\": 4000, \n  \"sale_discount\": \"10%\",\n  \"shop\":\"webhallen\", \n  }",          "type": "json"        }      ]    },    "success": {      "fields": {        "Success 200": [          {            "group": "Success 200",            "type": "Object",            "optional": false,            "field": "postinfo",            "description": "<p>sales information(return the same object attribute as post).</p>"          }        ]      },      "examples": [        {          "title": "Success-Response:",          "content": "           HTTP/1.1 201 created\n{\n                 \n                \"category\": \"electronics\",\n                 \"created\": \"2016-02-16\",\n                  \"description\":\"best chance for whom wants to buy a new PS4\",\n                 \"imageName\": \"ps4.jpeg\",\n                  \"postUser\": \"dan\",\n                  \"postfullname\":\"Pan Dan\"\n                 \"price_before\": 4000,\n                  \"sale_discount\": \"10%\",\n                   \"shop\":\"webhallen\", \n                   \"taggedUser\": \"dan\"\n                    \n}",          "type": "json"        }      ]    },    "error": {      "examples": [        {          "title": "Error-Response:",          "content": "HTTP/1.1 500 Internal Server Error",          "type": "json"        }      ]    },    "version": "0.0.0",    "filename": "shareswebservice/src/main/java/web/shares/resources/PostInfoResource.java",    "groupTitle": "SalesInfo"  },  {    "type": "put",    "url": "/{username}/salesinfo",    "title": "Update tagged user(add new tagged user) in some posted_saleinfo.",    "name": "UpdateSalesInfo",    "group": "SalesInfo",    "parameter": {      "fields": {        "Parameter": [          {            "group": "Parameter",            "type": "Object",            "optional": false,            "field": "updatePostInfo",            "description": "<p>update specified postInfo with new tagged user.</p>"          },          {            "group": "Parameter",            "type": "Number",            "optional": false,            "field": "postid",            "description": "<p>specify the postInfo id which will be updated.</p>"          },          {            "group": "Parameter",            "type": "String",            "optional": false,            "field": "postUser",            "description": "<p>specify the postUser</p>"          },          {            "group": "Parameter",            "type": "String",            "optional": false,            "field": "taggedUser",            "description": "<p>specify the new taggedUser.</p>"          }        ]      },      "examples": [        {          "title": "Request-Example:",          "content": "{\n     \"postid\":1,\n     \"postUser\":\"pan\",\n     \"taggedUser\":\"yi\"\n}",          "type": "json"        }      ]    },    "success": {      "examples": [        {          "title": "Success-Response:",          "content": "HTTP/1.1 202 Accepted",          "type": "json"        }      ]    },    "error": {      "examples": [        {          "title": "Error-Response:",          "content": "HTTP/1.1 500 Internal Server Error",          "type": "json"        }      ]    },    "version": "0.0.0",    "filename": "shareswebservice/src/main/java/web/shares/resources/PostInfoResource.java",    "groupTitle": "SalesInfo"  },  {    "type": "post",    "url": "/{username}/profile/friends",    "title": "Add  specified user's new followed friend",    "name": "AddUserFriend",    "group": "UserFriendship",    "parameter": {      "fields": {        "Parameter": [          {            "group": "Parameter",            "type": "Object",            "optional": false,            "field": "FollowingFriendship",            "description": "<p>new following-followed friendship object.</p>"          },          {            "group": "Parameter",            "type": "String",            "optional": false,            "field": "FollowingFriendship.followingUser",            "description": "<p>specify following user.</p>"          },          {            "group": "Parameter",            "type": "String",            "optional": false,            "field": "FollowingFriendship.followedUser",            "description": "<p>specify followed user.</p>"          }        ]      }    },    "success": {      "fields": {        "Success 200": [          {            "group": "Success 200",            "type": "Object",            "optional": false,            "field": "followingFriendship",            "description": "<p>followingFriendship object.</p>"          },          {            "group": "Success 200",            "type": "String",            "optional": false,            "field": "FollowingFriendship.followingUser",            "description": "<p>specify followingUser name(request param:username).</p>"          },          {            "group": "Success 200",            "type": "String",            "optional": false,            "field": "FollowingFriendship.followedUser",            "description": "<p>specify user wanted to be followed.</p>"          }        ]      },      "examples": [        {          "title": "Success-Response:",          "content": "HTTP/1.1 201 created\n{\n  \"followingUser\": \"pan\"\n  \"followedUser\": \"Alice\"\n}",          "type": "json"        }      ]    },    "error": {      "fields": {        "Error 4xx": [          {            "group": "Error 4xx",            "type": "Object",            "optional": false,            "field": "errorResponse",            "description": "<p>return error Response object</p>"          },          {            "group": "Error 4xx",            "type": "String",            "optional": false,            "field": "errorResponse.error_message",            "description": "<p>error message</p>"          }        ]      },      "examples": [        {          "title": "Error-Response:",          "content": "HTTP/1.1 400 Bad Request\n{\n \"error_message\":\"Bad Request,Check Param\"\n}",          "type": "json"        }      ]    },    "version": "0.0.0",    "filename": "shareswebservice/src/main/java/web/shares/resources/UserProfileResource.java",    "groupTitle": "UserFriendship"  },  {    "type": "delete",    "url": "/{username}/profile/friends",    "title": "Delete  specified user's followed friend",    "name": "DeleteUserFriend",    "group": "UserFriendship",    "parameter": {      "fields": {        "Parameter": [          {            "group": "Parameter",            "type": "Object",            "optional": false,            "field": "FollowingFriendship",            "description": "<p>specified deleted following-followed friendship object.</p>"          },          {            "group": "Parameter",            "type": "String",            "optional": false,            "field": "FollowingFriendship.followingUser",            "description": "<p>specify following user.</p>"          },          {            "group": "Parameter",            "type": "String",            "optional": false,            "field": "FollowingFriendship.followedUser",            "description": "<p>specify followed user.</p>"          }        ]      }    },    "success": {      "fields": {        "Success 200": [          {            "group": "Success 200",            "type": "Object",            "optional": false,            "field": "followingFriendship",            "description": "<p>followingFriendship object.</p>"          },          {            "group": "Success 200",            "type": "String",            "optional": false,            "field": "FollowingFriendship.followingUser",            "description": "<p>specify followingUser name(request param:username).</p>"          },          {            "group": "Success 200",            "type": "String",            "optional": false,            "field": "FollowingFriendship.followedUser",            "description": "<p>specify the followed user wanted to be deleted.</p>"          }        ]      },      "examples": [        {          "title": "Success-Response:",          "content": "HTTP/1.1 204 no content",          "type": "json"        }      ]    },    "error": {      "fields": {        "Error 4xx": [          {            "group": "Error 4xx",            "type": "Object",            "optional": false,            "field": "errorResponse",            "description": "<p>return error Response object</p>"          },          {            "group": "Error 4xx",            "type": "String",            "optional": false,            "field": "errorResponse.error_message",            "description": "<p>error message</p>"          }        ]      },      "examples": [        {          "title": "Error-Response:",          "content": "HTTP/1.1 400 Bad Request\n{\n \"error_message\":\"Bad Request,request deleted friendship not exist\"\n}",          "type": "json"        }      ]    },    "version": "0.0.0",    "filename": "shareswebservice/src/main/java/web/shares/resources/UserProfileResource.java",    "groupTitle": "UserFriendship"  },  {    "type": "get",    "url": "/{username}/profile/friends",    "title": "Get specified user's all followed friends",    "name": "GetUserFriend",    "group": "UserFriendship",    "examples": [      {        "title": "Example usage: curl -i",        "content": "http://localhost:8080/webapi/{username}/friends",        "type": "curl"      }    ],    "parameter": {      "fields": {        "Parameter": [          {            "group": "Parameter",            "type": "String",            "optional": false,            "field": "username",            "description": "<p>specify the user name.</p>"          }        ]      }    },    "success": {      "fields": {        "Success 200": [          {            "group": "Success 200",            "type": "Object",            "optional": false,            "field": "followingFriendship",            "description": "<p>followingFriendship object.</p>"          },          {            "group": "Success 200",            "type": "String",            "optional": false,            "field": "FollowingFriendship.followingUser",            "description": "<p>specify followingUser name(request param:username).</p>"          },          {            "group": "Success 200",            "type": "String[]",            "optional": false,            "field": "followingUser.followedLists",            "description": "<p>List of followed users.</p>"          }        ]      },      "examples": [        {          "title": "Success-Response: ",          "content": "HTTP/1.1 200 OK \n{ \"followedList\": [\n                   { \n                   \"fullName\": \"Gu yuqing\", \n                   \"userName\": \"yuqing\"\n                    }, \n                   {\n                   \"fullName\": \"Liu zhehuan\",\n                    \"userName\": \"zhehuan\" \n                    },\n                     {\n                   \"fullName\": \"Khalid Mahgoub\",\n                    \"userName\": \"khalid\" \n                    }\n                   ], \n \"followingUser\": \"pan\"\n  }",          "type": "json"        }      ]    },    "error": {      "fields": {        "Error 4xx": [          {            "group": "Error 4xx",            "type": "Object",            "optional": false,            "field": "errorResponse",            "description": "<p>return error Response object</p>"          },          {            "group": "Error 4xx",            "type": "String",            "optional": false,            "field": "errorResponse.error_message",            "description": "<p>error message</p>"          }        ]      },      "examples": [        {          "title": "Error-Response: HTTP/1.1 404 Not Found {",          "content": "\"error_message\":\"UserNotFound\" }",          "type": "json"        }      ]    },    "version": "0.0.0",    "filename": "shareswebservice/src/main/java/web/shares/resources/UserProfileResource.java",    "groupTitle": "UserFriendship"  },  {    "type": "post",    "url": "/{username}/profile",    "title": "Add new user profile, username can be duplicated",    "name": "EditUserProfile",    "group": "UserProfile",    "parameter": {      "fields": {        "Parameter": [          {            "group": "Parameter",            "type": "object",            "optional": false,            "field": "userprofile",            "description": "<p>specify userprofile object</p>"          },          {            "group": "Parameter",            "type": "String",            "optional": false,            "field": "userprofile.username",            "description": "<p>specify username.</p>"          },          {            "group": "Parameter",            "type": "String",            "optional": false,            "field": "userprofile.fullname",            "description": "<p>specify fullname</p>"          },          {            "group": "Parameter",            "type": "String",            "optional": false,            "field": "userprofile.interest_category",            "description": "<p>specify interest category</p>"          }        ]      },      "examples": [        {          "title": "Request-Example:",          "content": "{\n  \"username\":\"pan\",\n  \"fullname\":\"Pan Dan\"\n  \"interest_category\":\"electronics\"\n  \"encodeprofileimage\":\"da;lfgje00ejkdkdklakdjjdftgkrdlasfg\"(if profile image not changed,then leave this null)\n}",          "type": "json"        }      ]    },    "success": {      "fields": {        "Success 200": [          {            "group": "Success 200",            "type": "Object",            "optional": false,            "field": "userprofile",            "description": "<p>userprofile object</p>"          },          {            "group": "Success 200",            "type": "String",            "optional": false,            "field": "userprofile.username",            "description": "<p>user name.</p>"          },          {            "group": "Success 200",            "type": "String",            "optional": false,            "field": "userprofile.fullname",            "description": "<p>fullname.</p>"          },          {            "group": "Success 200",            "type": "String",            "optional": false,            "field": "userprofile.interest_category",            "description": "<p>intereste category</p>"          }        ]      },      "examples": [        {          "title": "Success-Response:",          "content": "HTTP/1.1 201 Created",          "type": "json"        }      ]    },    "error": {      "fields": {        "Error 4xx": [          {            "group": "Error 4xx",            "type": "Object",            "optional": false,            "field": "errorResponse",            "description": "<p>return error Response object</p>"          },          {            "group": "Error 4xx",            "type": "String",            "optional": false,            "field": "errorResponse.error_message",            "description": "<p>error message</p>"          }        ]      },      "examples": [        {          "title": "Error-Response:",          "content": "HTTP/1.1 400 Bad Request\n{\n   \"error_message\":\"Bad Request,Check Param!\"\n}",          "type": "json"        }      ]    },    "version": "0.0.0",    "filename": "shareswebservice/src/main/java/web/shares/resources/UserProfileResource.java",    "groupTitle": "UserProfile"  },  {    "type": "get",    "url": "/{username}/profile",    "title": "Get specified user's profile",    "name": "GetUserProfile",    "group": "UserProfile",    "examples": [      {        "title": "Example usage:",        "content": "curl -i http://localhost:8080/webapi/{username}/profile",        "type": "curl"      }    ],    "parameter": {      "fields": {        "Parameter": [          {            "group": "Parameter",            "type": "String",            "optional": false,            "field": "username",            "description": "<p>specify the user name .</p>"          }        ]      }    },    "success": {      "fields": {        "Success 200": [          {            "group": "Success 200",            "type": "Object",            "optional": false,            "field": "userprofile",            "description": "<p>user profile object.</p>"          },          {            "group": "Success 200",            "type": "String",            "optional": false,            "field": "userprofile.username",            "description": "<p>user name.</p>"          },          {            "group": "Success 200",            "type": "String[]",            "optional": false,            "field": "userprofile.categoryLists",            "description": "<p>List of interested category</p>"          }        ]      },      "examples": [        {          "title": "Success-Response:",          "content": "HTTP/1.1 200 OK\n{\n  \"username\":\"pan\",\n  \"fullname\":\"Pan Dan\"\n  \"categoryList\":\n        [\n          \"education\",\n          \"hobbies\",\n          \"clothes\"\n        ]\n  \n  \n}",          "type": "json"        }      ]    },    "error": {      "fields": {        "Error 4xx": [          {            "group": "Error 4xx",            "type": "Object",            "optional": false,            "field": "errorResponse",            "description": "<p>return error Response object</p>"          },          {            "group": "Error 4xx",            "type": "String",            "optional": false,            "field": "errorResponse.error_message",            "description": "<p>error message</p>"          }        ]      },      "examples": [        {          "title": "Error-Response:",          "content": "HTTP/1.1 404 Not Found\n{\n \"error_message\":\"UserNotFound\"\n}",          "type": "json"        }      ]    },    "version": "0.0.0",    "filename": "shareswebservice/src/main/java/web/shares/resources/UserProfileResource.java",    "groupTitle": "UserProfile"  }]
